aX,aY,aZ,gX,gY,gZ
0.355,-0.783,2.151,9.583,-22.095,-4.883
0.329,-0.838,2.348,25.635,-6.042,1.953
0.273,-0.841,2.481,44.678,20.569,11.108
0.308,-0.832,2.520,65.796,55.725,21.423
0.456,-0.780,2.438,86.609,86.548,31.555
0.568,-0.673,2.388,103.943,105.408,36.682
0.635,-0.673,2.260,118.835,117.920,32.288
0.653,-0.592,2.321,126.343,121.033,28.503
0.679,-0.651,2.313,134.705,129.272,22.949
0.713,-0.614,2.304,146.484,142.700,20.752
0.788,-0.484,2.273,161.560,158.569,21.240
0.777,-0.458,2.083,181.091,178.223,16.724
0.684,-0.319,1.869,196.350,198.792,12.451
0.556,-0.222,1.698,209.717,211.365,11.963
0.524,-0.018,1.474,218.445,231.323,15.442
0.432,0.099,1.227,222.229,253.723,19.104
0.231,0.282,0.972,221.985,280.457,22.705
0.055,0.371,0.589,220.032,311.584,24.048
-0.138,0.460,0.214,217.407,335.632,21.606
-0.304,0.541,-0.310,211.182,346.741,16.357
-0.455,0.574,-0.801,201.477,334.106,8.423
-0.566,0.558,-1.202,186.157,300.598,-0.977
-0.636,0.569,-1.536,164.795,255.798,-8.911
-0.673,0.515,-1.785,141.724,204.712,-19.775
-0.708,0.437,-1.837,117.065,147.278,-30.151
-0.711,0.342,-1.870,92.102,91.309,-36.560
-0.676,0.257,-1.745,65.063,37.231,-38.147
-0.592,0.151,-1.565,38.757,-6.714,-36.621
-0.492,0.043,-1.344,13.916,-40.222,-32.104
-0.381,-0.062,-1.105,-9.766,-64.941,-24.597
-0.255,-0.157,-0.847,-32.471,-79.895,-15.076
-0.081,-0.189,-0.613,-52.917,-84.778,-6.470
0.187,-0.229,-0.394,-67.932,-85.999,-2.197
0.419,-0.314,-0.211,-76.416,-93.018,-5.005
0.552,-0.425,0.010,-82.153,-107.971,-13.733
0.629,-0.549,0.243,-86.060,-124.939,-25.391
0.646,-0.693,0.449,-87.402,-138.855,-35.461
0.634,-0.796,0.652,-85.449,-147.827,-41.138
0.612,-0.859,0.749,-79.773,-147.278,-43.030
0.607,-0.897,0.771,-72.693,-139.771,-42.114
0.599,-0.906,0.815,-66.589,-130.859,-38.269
0.604,-0.910,0.822,-62.866,-117.310,-32.166
0.580,-0.847,0.789,-60.242,-96.863,-24.963
0.548,-0.844,0.690,-56.335,-75.012,-16.907
0.533,-0.837,0.599,-54.321,-56.702,-9.033
0.536,-0.739,0.579,-54.321,-44.556,-3.113
0.553,-0.709,0.511,-50.232,-37.170,-0.061
0.594,-0.696,0.428,-48.279,-34.119,1.038
0.617,-0.599,0.426,-49.377,-40.649,0.061
0.594,-0.634,0.414,-46.387,-50.110,-3.723
0.569,-0.620,0.426,-45.898,-60.730,-6.287
0.550,-0.598,0.441,-45.227,-70.190,-8.545
0.579,-0.554,0.469,-46.814,-75.745,-9.460
0.614,-0.555,0.505,-49.683,-79.041,-12.207
0.606,-0.577,0.602,-53.040,-83.008,-15.381
0.573,-0.622,0.677,-54.504,-83.862,-18.250
0.525,-0.658,0.727,-53.406,-79.651,-18.921
0.500,-0.668,0.748,-50.781,-72.876,-16.479
0.481,-0.680,0.741,-46.814,-63.904,-12.878
0.458,-0.680,0.734,-43.457,-54.993,-9.033
0.449,-0.653,0.698,-41.199,-46.326,-4.700
0.490,-0.621,0.632,-41.321,-37.720,-1.709
0.537,-0.525,0.602,-44.067,-32.654,-1.099
0.553,-0.548,0.575,-45.715,-33.936,-3.845
0.524,-0.551,0.627,-48.645,-40.710,-8.667
0.500,-0.563,0.631,-50.110,-48.889,-14.099
0.514,-0.634,0.818,-52.734,-62.317,-19.958
0.392,-0.588,0.851,-49.622,-71.838,-24.109
0.482,-0.693,0.734,-42.053,-65.735,-27.832
0.414,-0.672,0.895,-42.297,-77.026,-26.672
0.350,-0.667,0.936,-40.161,-78.430,-25.024
0.304,-0.700,0.886,-35.156,-64.575,-23.071
0.333,-0.660,0.815,-32.593,-49.744,-14.709
0.332,-0.610,0.887,-35.645,-40.344,-5.981
0.365,-0.547,0.790,-35.767,-21.240,-2.197
0.432,-0.532,0.712,-37.476,-8.728,-0.854
0.427,-0.527,0.732,-40.771,-12.146,-2.197
0.407,-0.543,0.759,-42.908,-19.409,-5.249
0.395,-0.543,0.735,-43.457,-26.550,-8.728
0.372,-0.546,0.733,-44.006,-35.889,-11.658
0.353,-0.504,0.767,-45.227,-43.823,-13.184
0.352,-0.515,0.756,-44.800,-46.692,-15.381
0.346,-0.536,0.811,-44.434,-50.781,-17.456
0.325,-0.565,0.919,-42.664,-56.335,-18.799
0.325,-0.586,0.988,-39.307,-59.326,-19.531
0.331,-0.608,1.026,-36.499,-59.021,-19.958
0.308,-0.637,1.061,-34.546,-55.237,-19.653
0.279,-0.654,1.078,-33.386,-49.377,-17.090
0.273,-0.668,1.063,-32.959,-41.443,-12.573
0.260,-0.654,1.049,-31.921,-33.264,-7.141
0.279,-0.623,1.031,-29.907,-25.696,-2.441
0.305,-0.598,0.975,-26.550,-18.738,0.366
0.284,-0.582,0.908,-23.682,-11.841,2.136
0.286,-0.535,0.882,-23.132,-7.568,4.761
0.324,-0.495,0.832,-23.254,-4.333,6.287
0.344,-0.467,0.792,-23.926,-4.211,4.944
0.336,-0.465,0.818,-25.269,-9.583,1.099
0.312,-0.489,0.851,-25.391,-17.944,-3.418
0.303,-0.501,0.897,-25.024,-26.672,-7.690
0.280,-0.533,0.952,-23.560,-33.813,-10.864
0.255,-0.561,0.994,-22.400,-37.109,-12.207
0.235,-0.571,1.027,-20.874,-37.537,-11.169
0.224,-0.575,1.036,-18.799,-32.959,-8.057
0.220,-0.566,1.046,-16.663,-23.376,-4.517
0.219,-0.570,1.011,-15.015,-11.475,-1.099
0.203,-0.558,0.985,-14.404,-1.587,3.845
0.215,-0.520,0.942,-13.428,7.080,8.972
0.257,-0.481,0.887,-12.024,12.207,12.024
0.303,-0.442,0.841,-10.925,10.925,11.536
0.322,-0.422,0.800,-10.986,5.737,7.690
0.292,-0.434,0.822,-11.902,-2.136,3.235
0.268,-0.419,0.853,-13.000,-7.507,-0.244
0.282,-0.434,0.849,-12.451,-9.766,-2.747
0.275,-0.450,0.865,-12.268,-13.062,-4.883
0.240,-0.480,0.918,-12.512,-16.968,-6.775
0.210,-0.504,0.942,-11.902,-18.555,-6.836
0.208,-0.501,0.950,-11.230,-16.846,-5.249
0.221,-0.484,0.953,-10.498,-13.367,-3.174
0.232,-0.463,0.938,-9.827,-8.728,-1.709

0.180,-0.732,1.962,6.165,-18.494,-6.042
0.166,-0.885,2.156,13.916,-14.832,-7.080
0.117,-1.032,2.421,24.231,-13.000,-8.118
0.081,-1.103,2.677,38.696,-10.986,-3.479
0.106,-1.137,2.784,59.631,-0.916,2.441
0.125,-1.123,2.797,80.078,13.000,9.216
0.115,-1.074,2.745,97.778,29.602,14.832
0.121,-1.023,2.649,117.065,50.781,21.606
0.152,-0.944,2.523,137.390,73.059,32.837
0.256,-0.687,2.306,157.715,98.938,45.776
0.326,-0.645,2.096,176.086,119.263,51.086
0.301,-0.409,1.920,192.566,139.526,55.420
0.368,-0.022,1.560,203.674,166.260,61.584
0.454,0.096,1.260,214.294,184.204,53.284
0.394,0.137,1.016,221.985,194.336,39.612
0.216,0.273,0.743,225.647,205.627,33.875
0.049,0.422,0.445,227.783,226.746,32.776
0.051,0.540,-0.285,225.403,262.512,31.738
-0.108,0.593,-0.620,220.703,255.798,26.001
-0.158,0.738,-1.036,204.651,237.000,22.644
-0.162,0.615,-1.503,186.401,214.966,8.240
-0.194,0.518,-1.709,162.415,169.983,-5.432
-0.249,0.399,-1.730,134.216,114.502,-15.869
-0.297,0.230,-1.597,108.398,63.477,-21.484
-0.292,0.108,-1.349,81.116,25.940,-19.775
-0.255,0.021,-1.141,55.054,7.324,-15.991
-0.197,-0.136,-0.958,31.494,0.854,-12.085
-0.135,-0.252,-0.715,10.437,-5.432,-7.019
-0.040,-0.386,-0.499,-6.897,-11.780,-3.601
0.054,-0.525,-0.264,-20.447,-20.874,-2.808
0.164,-0.620,-0.051,-29.541,-32.898,-3.235
0.250,-0.732,0.173,-33.508,-45.715,-6.592
0.298,-0.806,0.340,-34.973,-56.458,-10.986
0.312,-0.875,0.448,-34.302,-60.486,-14.648
0.319,-0.916,0.526,-32.654,-61.035,-16.052
0.353,-0.924,0.569,-30.579,-58.105,-15.076
0.403,-0.942,0.626,-28.992,-52.795,-13.184
0.442,-0.943,0.651,-27.893,-44.495,-10.376
0.463,-0.956,0.643,-26.428,-34.363,-7.690
0.488,-0.951,0.599,-25.208,-25.208,-4.333
0.521,-0.897,0.571,-24.902,-17.761,-1.709
0.545,-0.867,0.536,-22.766,-15.320,0.610
0.576,-0.834,0.502,-21.240,-15.076,1.404
0.568,-0.822,0.466,-18.738,-16.113,-0.366
0.577,-0.784,0.442,-16.968,-20.081,-1.953
0.564,-0.808,0.462,-15.076,-25.146,-4.578
0.519,-0.814,0.507,-14.160,-28.259,-5.920
0.468,-0.816,0.555,-13.672,-24.902,-4.700
0.448,-0.818,0.533,-13.306,-14.771,-1.892
0.434,-0.803,0.510,-12.878,-5.432,2.014
0.425,-0.789,0.485,-12.695,0.916,5.676
0.420,-0.770,0.436,-12.207,5.737,8.545
0.427,-0.732,0.384,-12.451,7.935,10.498
0.456,-0.700,0.339,-13.977,6.775,10.376
0.471,-0.691,0.313,-16.052,2.258,7.385
0.482,-0.700,0.340,-18.250,-6.348,2.563
0.478,-0.725,0.393,-19.836,-17.944,-2.380
0.455,-0.761,0.429,-20.935,-28.381,-6.775
0.409,-0.774,0.485,-22.034,-34.485,-8.850
0.374,-0.791,0.527,-22.156,-32.776,-8.606
0.357,-0.793,0.532,-21.484,-25.818,-5.920
0.353,-0.787,0.545,-22.278,-17.090,-1.770
0.347,-0.781,0.536,-23.010,-7.019,3.113
0.358,-0.748,0.505,-23.437,2.441,7.751
0.386,-0.732,0.471,-22.949,8.606,9.399
0.415,-0.703,0.422,-22.400,7.874,8.728
0.430,-0.687,0.407,-22.339,0.793,5.615
0.421,-0.687,0.404,-23.376,-8.484,1.038
0.403,-0.690,0.423,-24.719,-17.151,-2.747
0.381,-0.695,0.433,-25.635,-22.461,-5.554
0.344,-0.704,0.427,-26.550,-24.780,-7.263
0.328,-0.704,0.446,-28.015,-26.184,-6.897
0.326,-0.703,0.481,-28.687,-25.208,-5.066
0.340,-0.718,0.502,-30.334,-23.437,-3.479
0.343,-0.732,0.590,-31.555,-22.949,-1.953
0.359,-0.759,0.620,-31.372,-22.400,-0.122
0.371,-0.757,0.658,-30.884,-21.667,2.258
0.369,-0.753,0.675,-29.480,-19.592,4.150
0.372,-0.737,0.636,-28.442,-15.381,5.981
0.356,-0.733,0.581,-27.161,-10.193,7.263
0.341,-0.720,0.548,-27.649,-7.202,10.010
0.349,-0.703,0.527,-28.137,-5.310,12.573
0.359,-0.690,0.504,-28.564,-4.395,14.771
0.387,-0.636,0.479,-29.907,-3.601,15.625
0.439,-0.616,0.441,-31.738,-5.432,13.916
0.467,-0.607,0.487,-34.485,-13.977,9.399
0.464,-0.614,0.535,-36.987,-23.926,3.662
0.447,-0.646,0.589,-38.452,-31.616,-1.404
0.409,-0.685,0.669,-39.001,-36.377,-4.333
0.364,-0.725,0.744,-38.269,-38.330,-4.944
0.344,-0.745,0.784,-35.522,-35.767,-3.174
0.334,-0.735,0.777,-32.593,-28.748,0.122
0.344,-0.713,0.744,-30.701,-20.630,4.700
0.352,-0.685,0.724,-30.029,-13.550,8.667
0.360,-0.672,0.699,-30.090,-8.118,11.047
0.390,-0.633,0.663,-30.151,-4.395,11.658
0.448,-0.598,0.624,-31.677,-4.883,10.010
0.464,-0.623,0.635,-32.837,-11.841,4.517
0.424,-0.647,0.689,-33.813,-22.949,-1.465
0.379,-0.686,0.741,-32.837,-31.982,-5.554
0.350,-0.704,0.764,-31.189,-37.354,-7.080
0.337,-0.689,0.809,-29.480,-38.879,-5.676
0.334,-0.681,0.812,-27.588,-34.241,-3.479
0.342,-0.669,0.765,-26.489,-26.001,-1.465
0.314,-0.640,0.832,-26.917,-20.874,1.831
0.362,-0.613,0.736,-26.123,-9.705,6.836
0.395,-0.628,0.746,-26.794,-3.052,8.484
0.351,-0.567,0.809,-29.236,-1.709,10.925
0.388,-0.611,0.695,-28.320,5.249,10.132
0.406,-0.569,0.726,-29.358,0.977,10.193
0.389,-0.578,0.760,-27.954,-8.057,6.042
0.391,-0.587,0.709,-25.879,-12.451,1.831
0.367,-0.602,0.750,-25.146,-21.118,-0.854
0.351,-0.609,0.788,-24.658,-27.222,-1.953
0.336,-0.603,0.837,-24.780,-27.466,-1.160
0.342,-0.595,0.830,-24.780,-20.508,1.343
0.351,-0.598,0.782,-25.330,-10.559,3.418
0.349,-0.588,0.793,-27.222,-6.470,5.432
0.347,-0.569,0.815,-28.198,-4.150,6.653

0.294,-0.716,1.872,0.671,-34.607,-7.874
0.284,-0.873,2.290,5.859,-31.006,-3.174
0.290,-1.009,2.668,17.883,-11.414,2.075
0.333,-1.130,2.925,36.865,20.447,9.155
0.322,-1.172,3.079,61.401,50.049,19.043
0.312,-1.099,3.179,87.036,76.599,27.954
0.335,-1.176,3.034,118.774,103.821,30.884
0.339,-1.013,2.812,148.987,124.023,38.635
0.443,-0.686,2.570,171.875,143.005,50.964
0.531,-0.567,2.264,193.481,168.091,53.345
0.523,-0.322,1.928,209.229,194.702,53.833
0.482,-0.076,1.556,222.046,218.994,52.612
0.437,0.141,1.135,227.356,239.502,46.265
0.315,0.265,0.735,229.248,251.526,34.912
0.195,0.416,0.347,225.647,256.653,25.391
0.091,0.458,-0.040,219.971,257.019,18.555
-0.032,0.576,-0.307,209.839,250.122,13.367
-0.029,0.582,-0.615,196.289,245.483,3.784
-0.002,0.443,-0.888,183.777,217.712,-10.803
-0.087,0.384,-0.866,168.152,165.161,-18.738
-0.092,0.250,-0.833,148.254,134.827,-24.292
-0.064,0.061,-0.795,133.423,113.342,-25.879
-0.104,-0.115,-0.641,117.371,92.957,-24.658
-0.197,-0.185,-0.556,103.271,83.740,-17.578
-0.216,-0.258,-0.524,91.248,82.458,-6.958
-0.166,-0.317,-0.582,83.252,81.726,0.122
-0.083,-0.354,-0.613,74.036,73.425,5.615
0.012,-0.359,-0.593,61.890,59.753,8.789
0.151,-0.397,-0.550,50.110,44.861,7.935
0.221,-0.436,-0.511,36.377,31.433,3.906
0.245,-0.504,-0.417,22.400,17.944,-0.244
0.279,-0.541,-0.332,9.949,5.615,-2.930
0.340,-0.618,-0.249,1.892,-6.226,-6.348
0.376,-0.673,-0.113,-4.333,-21.484,-9.766
0.396,-0.704,-0.003,-9.277,-32.776,-11.475
0.413,-0.768,0.076,-12.451,-37.415,-12.817
0.422,-0.812,0.208,-14.709,-40.344,-11.353
0.448,-0.852,0.296,-15.381,-37.476,-7.324
0.504,-0.851,0.354,-14.587,-28.931,-2.991
0.557,-0.858,0.358,-12.573,-18.799,0.610
0.588,-0.847,0.344,-10.620,-11.841,3.418
0.576,-0.833,0.279,-9.033,-6.714,4.639
0.553,-0.799,0.205,-8.911,-3.540,6.409
0.550,-0.737,0.139,-9.766,-2.747,9.033
0.553,-0.679,0.029,-10.803,-2.563,9.644
0.522,-0.629,-0.057,-13.184,-4.578,8.423
0.486,-0.581,-0.123,-17.029,-9.583,7.324
0.460,-0.534,-0.212,-21.545,-15.747,5.676
0.438,-0.489,-0.245,-26.917,-24.780,3.845
0.419,-0.412,-0.318,-33.752,-34.119,1.221
0.392,-0.361,-0.393,-41.138,-43.518,-2.747
0.356,-0.304,-0.435,-51.453,-54.260,-6.287
0.320,-0.267,-0.429,-64.148,-64.331,-9.460
0.294,-0.246,-0.385,-77.148,-72.083,-11.292
0.252,-0.273,-0.315,-89.600,-77.332,-12.939
0.184,-0.296,-0.208,-99.670,-82.397,-14.038
0.200,-0.303,-0.149,-107.117,-88.135,-14.038
0.238,-0.376,0.001,-111.084,-105.469,-16.846
0.274,-0.404,0.230,-115.112,-128.296,-20.203
0.286,-0.439,0.392,-116.882,-142.700,-24.597
0.286,-0.451,0.466,-118.530,-145.203,-27.466
0.269,-0.501,0.579,-122.620,-143.066,-27.527
0.250,-0.505,0.686,-127.502,-136.414,-24.414
0.256,-0.493,0.704,-131.348,-122.070,-19.348
0.311,-0.443,0.669,-135.681,-107.117,-15.076
0.311,-0.511,0.713,-138.550,-104.614,-16.235
0.252,-0.556,0.833,-140.625,-112.061,-16.968
0.213,-0.643,0.958,-138.428,-115.723,-15.015
0.173,-0.696,0.996,-131.592,-111.511,-8.423
0.161,-0.548,1.087,-124.268,-103.577,0.549
0.259,-0.490,0.860,-115.356,-80.322,10.315
0.429,-0.375,0.764,-115.479,-70.862,12.756
0.342,-0.269,0.876,-123.718,-81.421,11.780
0.426,-0.450,0.854,-131.226,-85.999,0.916
0.389,-0.216,0.916,-143.860,-92.773,-3.113
0.439,-0.296,1.077,-152.710,-105.469,-6.287
0.438,-0.267,1.160,-152.039,-106.201,-18.066
0.516,-0.227,1.269,-148.743,-108.276,-26.794
0.502,-0.488,1.517,-137.390,-127.258,-43.213
0.301,-0.734,1.901,-124.390,-157.471,-57.922
0.145,-0.877,2.189,-110.046,-163.391,-61.951
0.100,-0.915,2.279,-89.661,-142.334,-51.636
0.117,-0.920,2.195,-66.589,-104.797,-36.499
0.177,-0.884,2.040,-49.683,-63.599,-19.836
0.201,-0.814,1.883,-37.231,-29.785,-4.456
0.203,-0.747,1.693,-25.146,-3.052,6.714
0.206,-0.680,1.434,-15.320,18.616,14.648
0.215,-0.594,1.203,-8.789,30.029,20.386
0.222,-0.526,1.036,-5.066,30.334,23.010
0.243,-0.449,0.904,-4.150,24.231,22.156
0.261,-0.363,0.753,-4.761,15.686,18.799
0.235,-0.282,0.702,-8.911,4.944,14.648
0.269,-0.235,0.692,-15.076,-1.831,8.545
0.312,-0.246,0.747,-18.982,-8.911,1.587
0.269,-0.338,0.842,-20.874,-18.005,-6.409
0.156,-0.418,1.041,-21.973,-26.550,-10.132
0.093,-0.475,1.193,-18.982,-25.452,-7.019
0.101,-0.499,1.202,-11.780,-13.123,-2.014
0.121,-0.459,1.174,-6.165,0.427,4.883
0.138,-0.382,1.119,-2.502,14.038,11.292
0.162,-0.336,0.997,-0.244,28.259,13.306
0.187,-0.340,0.900,-0.488,32.471,12.878
0.207,-0.287,0.909,-3.113,24.475,12.024
0.212,-0.320,0.854,-4.089,15.137,6.409
0.191,-0.353,0.876,-4.272,1.343,0.549
0.165,-0.392,0.948,-3.418,-13.794,-2.075
0.157,-0.406,0.968,-1.953,-20.813,-3.235
0.157,-0.421,0.984,-0.488,-19.958,-3.113
0.153,-0.437,1.001,0.427,-14.648,-1.709
0.147,-0.423,1.001,0.305,-5.981,1.282
0.162,-0.404,0.979,0.427,3.174,4.761
0.176,-0.390,0.951,1.038,9.705,7.202
0.178,-0.358,0.941,1.282,12.878,7.996
0.221,-0.317,0.915,1.160,15.015,6.897
0.260,-0.341,0.876,1.587,12.085,3.052
0.254,-0.374,0.910,0.061,2.380,-1.465
0.185,-0.429,0.989,-0.183,-7.202,-4.150
0.150,-0.447,1.032,0.916,-10.681,-3.723
0.169,-0.449,1.015,3.723,-7.996,-1.587

0.236,-0.776,2.012,47.546,26.062,19.043
0.233,-0.797,2.031,61.829,49.988,24.353
0.254,-0.741,2.065,75.378,65.369,29.663
0.297,-0.798,2.113,89.111,70.435,30.212
0.305,-0.856,2.203,103.760,67.810,29.053
0.347,-0.891,2.304,118.225,65.796,29.236
0.356,-0.937,2.352,135.681,66.772,30.029
0.371,-0.859,2.374,154.907,74.158,34.058
0.367,-0.749,2.293,173.035,93.262,40.039
0.421,-0.616,2.075,189.209,123.413,44.922
0.481,-0.471,1.814,198.914,151.611,48.401
0.489,-0.328,1.577,204.895,171.814,45.837
0.491,-0.189,1.331,207.642,186.218,43.884
0.478,-0.201,1.112,212.463,192.566,35.278
0.406,-0.060,0.952,214.600,193.298,33.020
0.364,-0.000,0.718,217.957,199.768,29.602
0.285,0.128,0.405,222.412,210.693,28.381
0.150,0.305,0.138,223.816,227.356,23.621
0.081,0.367,-0.330,219.482,251.099,14.465
-0.103,0.327,-0.653,214.539,241.516,8.240
-0.329,0.406,-0.859,204.224,219.482,14.099
-0.415,0.442,-1.166,184.387,227.539,19.226
-0.442,0.414,-1.536,161.804,235.779,23.010
-0.417,0.408,-1.760,131.897,219.788,25.146
-0.372,0.347,-1.854,101.135,182.007,20.203
-0.323,0.252,-1.831,73.730,130.493,8.301
-0.278,0.108,-1.651,46.570,68.604,-4.211
-0.199,-0.019,-1.303,18.433,7.935,-14.771
-0.185,-0.219,-0.942,-3.662,-37.109,-24.170
-0.136,-0.379,-0.581,-21.667,-64.941,-26.367
-0.025,-0.510,-0.318,-34.790,-82.092,-23.987
0.123,-0.608,-0.060,-43.884,-91.248,-20.325
0.318,-0.635,0.132,-51.270,-95.032,-18.188
0.458,-0.716,0.264,-55.237,-97.534,-20.691
0.536,-0.792,0.384,-57.556,-100.952,-25.818
0.584,-0.874,0.495,-56.885,-105.713,-31.067
0.634,-0.959,0.571,-53.589,-109.741,-34.607
0.649,-1.021,0.680,-49.683,-112.671,-34.668
0.670,-1.057,0.777,-44.922,-108.521,-32.166
0.684,-1.097,0.815,-39.734,-95.093,-28.015
0.697,-1.090,0.794,-33.569,-74.646,-21.912
0.720,-1.080,0.729,-26.794,-55.603,-15.442
0.726,-1.041,0.669,-20.203,-42.358,-8.728
0.730,-1.028,0.587,-14.771,-29.297,-3.784
0.730,-0.942,0.553,-11.658,-18.738,-0.427
0.752,-0.903,0.511,-7.446,-12.817,2.563
0.781,-0.840,0.489,-4.395,-7.385,1.892
0.743,-0.818,0.394,-3.662,0.000,-2.075
0.661,-0.829,0.330,-2.808,2.258,-5.676
0.606,-0.805,0.329,-3.601,-1.648,-6.653
0.576,-0.851,0.358,-3.418,-5.249,-7.446
0.533,-0.846,0.410,-4.272,-6.775,-6.104
0.500,-0.866,0.469,-4.333,-6.104,-3.479
0.498,-0.851,0.471,-2.869,-0.916,-1.831
0.499,-0.855,0.428,-0.916,4.700,-0.244
0.500,-0.852,0.397,-0.061,6.165,1.648
0.484,-0.852,0.372,0.305,4.944,2.686
0.477,-0.850,0.358,0.366,6.348,2.136
0.474,-0.842,0.312,0.610,6.714,1.892
0.486,-0.835,0.320,1.953,1.221,1.648
0.498,-0.825,0.335,2.869,-3.540,0.732
0.498,-0.840,0.329,3.357,-4.578,-0.977
0.476,-0.860,0.347,4.150,-5.676,-2.502
0.459,-0.875,0.389,5.493,-6.714,-2.197
0.453,-0.871,0.402,7.019,-4.883,-0.610
0.465,-0.850,0.369,8.545,-1.221,2.075
0.463,-0.827,0.353,9.521,1.587,4.639
0.483,-0.788,0.324,9.888,4.089,6.470
0.529,-0.753,0.285,10.620,5.188,6.836
0.560,-0.740,0.233,10.620,2.075,4.944
0.544,-0.737,0.224,9.521,-4.150,1.709
0.535,-0.741,0.253,8.118,-9.949,-0.916
0.551,-0.757,0.290,7.751,-12.817,-2.075
0.546,-0.763,0.312,6.775,-13.123,-2.197
0.522,-0.766,0.325,5.005,-9.277,-1.709
0.520,-0.783,0.313,3.967,-3.601,-1.160
0.528,-0.771,0.316,3.784,-1.648,0.122
0.548,-0.778,0.325,3.784,-2.563,-0.122
0.549,-0.787,0.322,3.845,-4.272,-1.221
0.553,-0.789,0.321,3.418,-7.629,-1.831
0.567,-0.774,0.343,3.357,-13.306,-2.075
0.601,-0.761,0.351,2.930,-16.541,-2.319
0.600,-0.787,0.336,1.892,-12.939,-4.028
0.559,-0.821,0.343,0.061,-9.399,-4.517
0.539,-0.844,0.360,-0.671,-7.263,-2.686
0.523,-0.844,0.372,-0.793,-3.662,0.427
0.521,-0.837,0.350,-0.427,1.343,3.906
0.516,-0.820,0.335,0.244,6.226,5.920
0.510,-0.807,0.314,0.793,8.606,7.324
0.515,-0.801,0.301,1.282,8.545,7.690
0.532,-0.782,0.297,1.343,6.836,7.568
0.552,-0.792,0.294,0.488,3.845,6.042
0.547,-0.805,0.322,-0.671,0.549,3.418
0.541,-0.822,0.354,-0.549,-1.099,1.282
0.533,-0.849,0.352,-0.427,-1.465,0.549
0.530,-0.835,0.363,-0.305,-2.136,1.526
0.540,-0.836,0.353,-0.305,-1.160,2.441
0.540,-0.828,0.335,-0.122,0.916,3.418
0.525,-0.806,0.312,-0.427,3.296,4.578
0.527,-0.798,0.282,-0.305,4.822,5.371
0.519,-0.775,0.251,0.366,4.150,5.615
0.526,-0.760,0.233,0.549,2.869,5.066
0.521,-0.769,0.231,-0.061,1.343,3.418
0.503,-0.770,0.236,-1.404,-0.427,2.075
0.497,-0.781,0.247,-3.052,-2.258,1.465
0.496,-0.796,0.271,-4.211,-3.784,1.038
0.476,-0.810,0.280,-5.676,-3.540,1.038
0.469,-0.822,0.309,-6.958,-2.075,1.343
0.478,-0.824,0.325,-6.836,-0.366,1.831
0.492,-0.858,0.299,-6.104,1.221,2.563
0.563,-0.717,0.265,-6.592,1.526,4.456
0.505,-0.907,0.375,-8.057,-6.287,1.343
0.438,-0.713,0.383,-8.728,-5.249,2.991
0.531,-0.837,0.292,-5.371,2.014,0.916
0.551,-0.786,0.325,-5.310,-1.038,1.587
0.539,-0.788,0.338,-5.066,-4.639,0.549
0.532,-0.802,0.266,-4.395,-2.686,-1.770
0.521,-0.796,0.283,-5.493,-7.446,-1.770
0.510,-0.779,0.331,-7.019,-12.146,-1.404

-0.661,-0.647,2.660,-225.952,-332.581,-80.505
-0.616,-0.951,3.084,-190.186,-303.711,-64.514
-0.472,-1.050,3.510,-150.696,-260.254,-37.231
-0.178,-1.035,3.646,-116.150,-183.899,-6.531
0.069,-0.981,3.323,-83.923,-76.477,18.311
0.200,-0.860,2.806,-62.622,28.015,37.598
0.207,-0.716,2.263,-51.697,106.079,50.659
0.194,-0.638,1.888,-45.837,149.719,56.213
0.214,-0.609,1.563,-41.870,162.781,53.345
0.292,-0.519,1.363,-36.255,144.775,45.166
0.323,-0.576,1.265,-28.259,97.595,30.884
0.324,-0.550,1.332,-20.264,39.307,15.076
0.323,-0.551,1.366,-7.507,-4.761,1.099
0.328,-0.586,1.349,1.831,-32.959,-7.202
0.309,-0.565,1.406,8.240,-44.067,-11.597
0.253,-0.557,1.363,14.954,-37.537,-10.620
0.223,-0.490,1.286,18.921,-20.874,-4.395
0.199,-0.410,1.162,21.851,-0.305,1.404
0.187,-0.372,1.040,21.606,19.531,6.775
0.182,-0.335,0.947,18.311,35.950,11.047
0.179,-0.299,0.856,15.320,46.997,14.771
0.178,-0.260,0.781,12.207,51.086,15.625
0.167,-0.258,0.719,8.606,46.265,13.855
0.160,-0.267,0.699,5.615,33.813,11.353
0.161,-0.263,0.711,3.235,17.639,9.460
0.186,-0.251,0.716,2.014,3.784,6.531
0.200,-0.260,0.740,0.732,-7.751,3.235
0.191,-0.247,0.802,-1.099,-16.235,1.099
0.185,-0.251,0.835,-2.869,-16.052,-0.244
0.182,-0.269,0.861,-4.395,-10.559,-1.221
0.182,-0.294,0.882,-6.165,-4.761,-1.587
0.172,-0.336,0.908,-7.080,-1.038,-1.587
0.165,-0.359,0.938,-7.690,1.526,-0.671
0.171,-0.370,0.953,-7.019,3.479,0.122
0.175,-0.388,0.957,-5.432,2.991,0.000
0.164,-0.387,0.972,-3.723,1.038,-0.183
0.163,-0.394,0.976,-1.465,0.671,-0.061
0.165,-0.396,0.953,0.000,1.526,0.549
0.175,-0.387,0.950,0.671,1.587,1.038
0.190,-0.384,0.920,0.610,0.610,1.160
0.192,-0.379,0.920,-0.061,-1.648,0.793
0.187,-0.360,0.924,-0.793,-2.869,0.122
0.192,-0.346,0.918,-1.160,-3.235,-0.671
0.207,-0.346,0.918,-1.404,-2.991,-1.709
0.204,-0.358,0.933,-1.343,-3.845,-2.991
0.175,-0.371,0.959,-0.854,-2.808,-3.601
0.161,-0.393,0.957,-0.305,0.122,-4.089
0.148,-0.387,0.954,0.671,1.038,-3.052
0.149,-0.383,0.961,2.258,1.587,-1.892
0.154,-0.384,0.927,3.479,2.380,-1.465
0.149,-0.396,0.915,4.395,1.709,-0.366
0.153,-0.372,0.901,4.211,-0.122,1.526
0.168,-0.355,0.871,3.174,-0.977,2.869
0.184,-0.339,0.860,0.854,-1.892,3.113
0.195,-0.327,0.865,-2.380,-2.197,3.052
0.204,-0.319,0.868,-5.005,-1.831,2.502
0.204,-0.327,0.879,-6.226,-2.502,1.099
0.191,-0.352,0.913,-6.287,-4.944,-0.366
0.159,-0.364,0.933,-6.653,-6.653,-1.831
0.172,-0.380,0.946,-5.981,-8.667,-2.014
0.173,-0.361,0.952,-2.563,-10.681,-2.136
0.173,-0.363,0.958,-1.221,-9.644,-2.197
0.173,-0.365,0.967,-0.488,-7.751,-1.953
0.172,-0.369,0.970,-1.099,-5.371,-1.587
0.170,-0.387,0.981,-1.099,-3.601,-1.282
0.158,-0.398,0.985,-0.793,-1.831,-0.366
0.161,-0.406,0.974,-0.916,0.854,0.610
0.166,-0.389,0.973,-0.244,2.258,1.648
0.186,-0.403,0.935,1.221,3.113,2.441
0.189,-0.371,0.942,-0.549,2.136,2.930
0.195,-0.365,0.936,-0.427,0.793,2.075
0.204,-0.369,0.923,0.061,0.977,1.282
0.190,-0.367,0.924,0.427,0.000,0.366
0.171,-0.365,0.935,0.427,-1.160,-0.427
0.167,-0.399,0.965,1.282,-2.747,-1.282
0.160,-0.415,0.983,1.648,-4.395,-1.404
0.153,-0.418,1.003,2.319,-4.883,-0.549
0.156,-0.412,1.001,3.174,-4.211,1.160
0.153,-0.399,1.014,3.540,-2.686,2.686
0.176,-0.436,0.953,5.005,1.221,2.625
0.208,-0.401,0.926,4.333,0.977,3.662
0.163,-0.409,1.031,0.793,-6.470,5.798
0.183,-0.386,0.982,4.211,1.282,3.235
0.177,-0.401,1.026,4.517,4.822,4.211
0.195,-0.406,1.018,6.775,9.644,3.113
0.193,-0.448,1.032,8.179,9.094,3.052
0.194,-0.455,1.039,8.545,6.104,3.296
0.185,-0.449,1.106,8.911,0.488,3.845
0.185,-0.436,1.148,10.498,-2.136,4.028
0.200,-0.488,1.170,12.085,-2.319,2.930
0.207,-0.489,1.268,13.123,-4.395,3.540
0.249,-0.484,1.334,16.357,-3.357,4.517
0.286,-0.503,1.447,20.508,-1.099,4.272
0.290,-0.583,1.616,24.902,-0.244,3.418
0.281,-0.628,1.824,29.663,3.845,5.127
0.291,-0.661,2.053,35.583,12.756,9.827
0.292,-0.789,2.295,45.410,30.457,13.977
0.270,-0.831,2.497,57.800,57.495,21.790
0.272,-0.896,2.532,74.829,90.271,29.602
0.277,-0.912,2.484,94.543,118.713,38.452
0.308,-0.807,2.348,114.563,143.066,47.974
0.353,-0.624,2.155,133.484,162.231,53.284
0.406,-0.529,1.972,149.719,170.105,50.537
0.415,-0.459,1.874,160.828,166.382,44.128
0.406,-0.450,1.851,168.152,160.339,37.720
0.391,-0.381,1.791,175.049,160.522,33.569
0.401,-0.294,1.725,184.448,165.649,30.090
0.407,-0.241,1.660,194.946,172.974,25.391
0.376,-0.275,1.622,204.407,186.768,20.996
0.325,-0.181,1.426,210.999,208.557,21.118
0.207,-0.144,1.305,221.069,235.413,21.973
0.047,-0.070,1.046,229.004,266.907,25.757
-0.173,0.055,0.843,232.666,299.805,33.813
-0.382,0.094,0.537,237.671,341.370,42.114
-0.589,0.222,0.205,238.525,382.385,55.847
-0.742,0.398,-0.220,231.567,432.495,67.566
-0.675,0.417,-0.962,216.675,481.384,71.350
-0.745,0.416,-1.202,197.510,465.698,76.904
-0.824,0.475,-1.550,171.204,422.363,74.402

-0.777,0.387,-2.021,120.605,293.823,39.673
-0.695,0.310,-2.111,95.825,196.777,15.381
-0.585,0.198,-2.052,67.017,91.919,-5.188
-0.467,0.102,-1.785,37.292,-8.179,-20.996
-0.287,-0.039,-1.386,8.972,-88.501,-31.677
-0.070,-0.178,-0.948,-14.465,-139.832,-37.598
0.133,-0.341,-0.551,-32.898,-162.781,-39.734
0.249,-0.503,-0.208,-45.593,-174.377,-39.246
0.318,-0.599,0.157,-53.894,-171.753,-35.889
0.467,-0.743,0.200,-56.030,-142.700,-35.400
0.554,-0.805,0.276,-55.176,-124.817,-33.081
0.658,-0.888,0.317,-52.368,-117.981,-29.602
0.677,-0.875,0.397,-49.133,-114.197,-27.710
0.695,-0.940,0.450,-45.837,-111.694,-26.917
0.695,-0.929,0.405,-39.551,-100.830,-27.832
0.685,-0.937,0.381,-33.203,-93.201,-25.330
0.664,-0.899,0.315,-28.015,-83.618,-21.118
0.695,-0.836,0.251,-25.696,-74.768,-14.648
0.766,-0.777,0.204,-25.940,-67.688,-10.620
0.797,-0.748,0.173,-27.649,-63.538,-10.620
0.789,-0.797,0.142,-30.945,-61.951,-12.878
0.731,-0.687,0.167,-36.865,-61.951,-14.771
0.658,-0.719,0.125,-34.546,-61.768,-15.564
0.617,-0.702,0.075,-34.546,-60.486,-14.038
0.594,-0.686,0.070,-34.424,-60.547,-11.963
0.582,-0.645,0.060,-32.959,-62.561,-9.888
0.628,-0.646,0.102,-32.471,-64.819,-10.620
0.595,-0.606,0.080,-32.043,-68.176,-12.878
0.570,-0.616,0.064,-32.532,-70.435,-15.686
0.530,-0.644,0.118,-35.156,-75.134,-17.334
0.503,-0.640,0.173,-38.391,-77.332,-16.541
0.491,-0.655,0.197,-41.382,-73.608,-14.832
0.465,-0.656,0.195,-44.189,-67.078,-12.268
0.438,-0.642,0.184,-47.058,-60.730,-8.606
0.414,-0.607,0.170,-49.622,-53.223,-4.578
0.441,-0.584,0.152,-52.856,-46.021,-2.075
0.482,-0.560,0.190,-55.176,-47.180,-0.916
0.510,-0.584,0.203,-56.274,-53.528,-3.052
0.505,-0.633,0.279,-55.969,-65.796,-8.362
0.488,-0.650,0.388,-55.359,-81.299,-13.489
0.496,-0.685,0.469,-53.162,-93.323,-18.494
0.506,-0.709,0.540,-51.147,-100.525,-22.827
0.486,-0.721,0.594,-50.537,-100.769,-25.085
0.441,-0.710,0.598,-49.438,-93.140,-25.085
0.419,-0.728,0.592,-49.744,-84.167,-22.522
0.413,-0.726,0.638,-51.147,-77.026,-18.250
0.434,-0.737,0.664,-52.612,-70.007,-13.733
0.432,-0.774,0.697,-52.368,-63.721,-10.254
0.411,-0.761,0.724,-51.941,-56.519,-5.737
0.422,-0.732,0.704,-50.049,-47.852,-1.587
0.450,-0.704,0.663,-48.096,-40.710,1.770
0.496,-0.665,0.640,-47.852,-36.987,3.967
0.521,-0.646,0.624,-47.729,-35.950,4.272
0.531,-0.635,0.636,-48.096,-37.781,2.441
0.540,-0.638,0.656,-47.974,-42.786,-1.221
0.530,-0.661,0.660,-46.631,-49.255,-5.676
0.501,-0.682,0.713,-44.250,-57.800,-9.827
0.485,-0.667,0.740,-42.175,-62.805,-12.268
0.474,-0.664,0.715,-40.161,-61.401,-14.221
0.468,-0.684,0.727,-39.978,-59.082,-14.526
0.446,-0.698,0.768,-40.894,-56.641,-12.573
0.410,-0.723,0.803,-40.588,-50.171,-8.240
0.376,-0.720,0.806,-38.879,-39.246,-2.441
0.374,-0.678,0.758,-36.377,-26.001,5.005
0.396,-0.653,0.703,-34.546,-16.113,11.169
0.424,-0.610,0.708,-35.034,-12.268,14.954
0.479,-0.561,0.707,-35.828,-11.414,14.893
0.546,-0.516,0.687,-36.255,-12.024,10.437
0.552,-0.525,0.654,-37.048,-15.564,2.258
0.492,-0.587,0.692,-38.513,-25.024,-6.348
0.426,-0.631,0.765,-39.307,-36.926,-11.963
0.389,-0.657,0.798,-37.659,-44.861,-14.587
0.358,-0.653,0.809,-35.095,-46.936,-14.221
0.335,-0.661,0.796,-32.410,-43.884,-11.719
0.303,-0.666,0.779,-30.334,-36.926,-6.836
0.271,-0.641,0.769,-29.724,-27.588,0.244
0.285,-0.575,0.736,-29.602,-16.479,8.423
0.347,-0.507,0.682,-30.151,-7.690,13.306
0.409,-0.457,0.661,-33.386,-6.226,12.817
0.426,-0.458,0.677,-37.354,-10.803,7.751
0.387,-0.496,0.745,-39.978,-19.775,0.366
0.357,-0.521,0.782,-40.955,-28.931,-5.737
0.323,-0.551,0.794,-39.978,-38.818,-10.864
0.273,-0.573,0.818,-37.964,-48.340,-14.221
0.236,-0.574,0.826,-36.499,-54.138,-14.709
0.216,-0.579,0.813,-35.461,-55.298,-12.695
0.201,-0.581,0.791,-34.607,-53.345,-8.179
0.198,-0.553,0.787,-35.034,-49.561,-2.075
0.214,-0.524,0.797,-36.743,-42.297,4.700
0.250,-0.493,0.802,-39.307,-30.579,10.925
0.273,-0.472,0.821,-43.152,-17.944,15.747
0.285,-0.454,0.840,-45.715,-6.287,18.677
0.304,-0.475,0.871,-46.265,-0.488,19.043
0.380,-0.444,0.900,-46.021,-0.427,17.395
0.435,-0.474,0.871,-42.786,-5.127,10.803
0.408,-0.499,0.889,-41.321,-14.343,1.953
0.358,-0.492,0.915,-40.588,-23.315,-3.845
0.339,-0.528,0.940,-38.757,-29.968,-8.667
0.335,-0.569,0.983,-35.522,-35.400,-11.047
0.326,-0.628,1.012,-32.349,-34.607,-12.268
0.305,-0.654,1.049,-33.569,-29.358,-9.033
0.290,-0.649,1.068,-32.593,-22.644,-2.869
0.318,-0.584,1.036,-30.762,-13.062,3.723
0.355,-0.566,1.002,-27.283,-6.897,6.958
0.370,-0.544,0.992,-24.963,-8.728,6.348
0.363,-0.542,1.033,-23.071,-14.771,2.991
0.345,-0.534,1.080,-20.447,-20.203,-0.854
0.344,-0.556,1.094,-17.578,-21.667,-4.272
0.337,-0.602,1.154,-14.954,-22.705,-7.019
0.320,-0.636,1.203,-12.878,-22.095,-7.263
0.313,-0.660,1.235,-10.864,-18.921,-5.676
0.323,-0.634,1.266,-8.484,-14.893,-3.113
0.336,-0.656,1.259,-5.188,-10.986,-2.197
0.329,-0.642,1.318,-3.296,-10.620,-1.099
0.333,-0.688,1.402,-0.916,-9.827,-0.061
0.356,-0.701,1.468,3.296,-5.310,2.014
0.374,-0.711,1.495,9.216,3.174,4.211
0.367,-0.725,1.497,16.907,11.841,6.104
0.354,-0.714,1.476,24.658,19.592,8.789

0.420,-0.625,1.479,35.278,31.067,13.245
0.467,-0.677,1.503,38.574,34.424,10.620
0.435,-0.743,1.626,39.978,36.926,8.606
0.360,-0.791,1.818,40.283,45.227,11.719
0.338,-0.966,1.982,44.861,62.317,18.494
0.322,-0.928,2.202,49.927,86.792,33.020
0.434,-0.857,2.318,60.486,117.981,48.157
0.545,-0.953,2.317,74.951,151.184,54.871
0.573,-1.045,2.370,90.454,172.852,57.434
0.585,-0.978,2.253,106.628,189.270,61.401
0.557,-0.757,2.012,124.207,199.951,64.453
0.511,-0.584,1.754,145.142,207.092,58.838
0.479,-0.343,1.422,157.104,211.914,54.016
0.448,-0.172,1.164,160.950,213.196,48.401
0.367,-0.042,0.945,158.875,219.238,39.978
0.313,0.167,0.590,154.724,231.812,30.029
0.265,0.092,0.340,154.419,232.239,13.550
0.160,0.034,0.244,149.658,221.130,0.793
0.020,0.000,0.184,144.043,214.294,-3.723
-0.080,0.011,0.038,141.907,216.675,-3.906
-0.126,0.072,-0.170,140.381,219.788,-2.563
-0.161,0.069,-0.457,137.695,217.712,-4.333
-0.220,0.095,-0.690,131.958,206.970,-7.568
-0.261,0.082,-0.887,124.084,185.608,-11.230
-0.278,0.073,-1.050,116.150,157.104,-13.855
-0.273,0.043,-1.176,103.394,127.014,-13.000
-0.264,0.049,-1.241,84.412,94.360,-8.606
-0.248,0.041,-1.261,63.904,65.796,-3.845
-0.176,-0.004,-1.340,41.626,46.692,0.061
-0.082,-0.038,-1.236,16.541,16.907,6.714
0.002,-0.068,-1.025,-4.761,-10.986,10.315
0.092,-0.114,-0.834,-21.423,-31.677,9.949
0.196,-0.188,-0.654,-34.607,-48.889,6.470
0.291,-0.262,-0.483,-44.250,-65.857,1.038
0.340,-0.344,-0.338,-51.147,-82.886,-5.005
0.410,-0.411,-0.170,-56.763,-100.586,-10.315
0.470,-0.473,-0.019,-60.669,-117.981,-15.503
0.508,-0.555,0.149,-62.622,-134.155,-20.996
0.512,-0.621,0.345,-63.171,-146.423,-24.414
0.503,-0.671,0.527,-61.157,-144.470,-25.085
0.518,-0.732,0.514,-57.739,-125.183,-24.658
0.500,-0.708,0.558,-56.946,-109.192,-19.226
0.506,-0.738,0.571,-55.298,-93.262,-13.123
0.536,-0.728,0.565,-53.589,-80.566,-7.141
0.574,-0.697,0.554,-51.941,-72.449,-2.991
0.591,-0.675,0.519,-48.889,-67.627,-2.441
0.613,-0.627,0.454,-47.180,-66.833,-3.723
0.624,-0.615,0.440,-47.180,-72.937,-6.714
0.628,-0.577,0.454,-48.462,-81.726,-10.071
0.628,-0.569,0.460,-49.500,-87.524,-14.526
0.614,-0.592,0.488,-50.110,-90.820,-19.348
0.571,-0.651,0.592,-50.476,-93.872,-21.667
0.539,-0.686,0.705,-50.293,-91.431,-19.836
0.516,-0.748,0.777,-46.082,-83.618,-15.564
0.479,-0.750,0.862,-43.701,-70.313,-7.507
0.503,-0.727,0.812,-41.748,-51.514,0.793
0.524,-0.701,0.748,-38.574,-35.767,7.446
0.561,-0.617,0.680,-38.208,-26.550,12.878
0.632,-0.563,0.614,-39.856,-23.132,13.184
0.672,-0.555,0.603,-43.152,-25.330,7.935
0.682,-0.556,0.601,-45.776,-32.288,-0.366
0.681,-0.565,0.580,-47.607,-43.579,-9.460
0.653,-0.596,0.613,-48.157,-59.448,-19.470
0.567,-0.682,0.757,-45.410,-75.378,-27.344
0.478,-0.747,0.854,-40.894,-81.665,-29.541
0.413,-0.772,0.903,-35.706,-74.890,-24.719
0.370,-0.765,0.899,-29.785,-57.678,-14.648
0.386,-0.687,0.849,-26.184,-36.499,-2.075
0.464,-0.607,0.765,-26.306,-17.334,8.606
0.544,-0.564,0.719,-29.175,-5.188,13.550
0.588,-0.525,0.718,-33.264,-0.610,12.939
0.608,-0.533,0.691,-36.011,-1.648,7.019
0.602,-0.581,0.696,-36.804,-10.986,-1.770
0.560,-0.627,0.748,-37.598,-28.259,-9.521
0.516,-0.651,0.800,-37.231,-44.067,-15.808
0.469,-0.673,0.841,-33.508,-54.199,-19.409
0.430,-0.672,0.867,-28.687,-57.861,-19.287
0.396,-0.678,0.851,-23.499,-54.565,-15.930
0.361,-0.661,0.811,-19.348,-45.471,-10.193
0.388,-0.591,0.778,-17.761,-35.339,-2.930
0.455,-0.528,0.697,-19.470,-24.536,2.563
0.489,-0.492,0.659,-23.987,-16.968,4.456
0.499,-0.467,0.677,-31.189,-14.771,3.845
0.500,-0.471,0.685,-35.889,-13.733,0.671
0.471,-0.505,0.680,-37.231,-15.686,-3.418
0.439,-0.514,0.715,-36.865,-22.583,-6.958
0.413,-0.523,0.718,-34.912,-29.602,-10.498
0.381,-0.546,0.705,-31.616,-36.743,-13.611
0.336,-0.542,0.723,-30.151,-44.495,-14.160
0.351,-0.505,0.764,-30.151,-49.011,-12.878
0.360,-0.529,0.790,-30.212,-48.706,-12.390
0.350,-0.543,0.831,-32.593,-47.729,-10.864
0.333,-0.548,0.863,-35.278,-44.983,-7.996
0.314,-0.553,0.852,-36.255,-39.673,-4.517
0.329,-0.541,0.867,-36.865,-34.424,-0.854
0.354,-0.528,0.899,-36.377,-28.931,2.563
0.367,-0.509,0.886,-34.668,-21.423,3.906
0.407,-0.454,0.881,-32.043,-14.648,3.296
0.439,-0.468,0.850,-29.602,-11.475,-0.977
0.412,-0.542,0.867,-28.198,-18.005,-7.507
0.374,-0.566,0.943,-28.748,-29.968,-11.658
0.342,-0.588,0.995,-27.100,-37.903,-13.550
0.345,-0.584,0.981,-24.170,-38.818,-13.794
0.339,-0.603,0.965,-21.057,-37.048,-12.817
0.313,-0.591,0.952,-18.738,-34.973,-10.254
0.290,-0.566,0.924,-16.968,-30.945,-6.348
0.288,-0.527,0.870,-14.893,-24.475,-2.808
0.326,-0.507,0.814,-14.038,-20.325,-0.671
0.330,-0.505,0.802,-13.916,-20.569,0.244
0.329,-0.415,0.789,-14.648,-21.545,1.709
0.418,-0.368,0.808,-18.494,-23.804,-1.953
0.421,-0.430,0.845,-21.423,-30.090,-9.583
0.353,-0.500,0.926,-23.865,-39.490,-18.188
0.302,-0.539,1.024,-24.963,-47.241,-22.583
0.280,-0.583,1.083,-21.240,-49.438,-23.499
0.254,-0.631,1.121,-15.259,-46.326,-22.217
0.237,-0.608,1.145,-10.925,-39.124,-17.578
0.264,-0.575,1.108,-8.057,-26.917,-12.146
0.278,-0.610,1.102,-5.859,-16.541,-8.423

0.308,-0.797,1.527,13.184,-11.230,-2.502
0.324,-0.845,1.579,20.264,-7.629,-1.953
0.305,-0.934,1.714,25.879,-5.066,-0.427
0.307,-0.943,1.876,28.503,4.272,6.226
0.299,-1.028,2.042,33.813,24.414,15.076
0.288,-1.103,2.182,43.518,48.767,25.940
0.325,-1.059,2.286,55.603,75.500,38.635
0.412,-1.029,2.193,71.777,99.731,45.715
0.448,-0.996,2.140,88.928,108.826,44.922
0.485,-0.807,2.105,98.389,108.337,42.969
0.563,-0.829,2.010,106.812,105.408,33.203
0.568,-0.924,2.086,113.464,91.003,22.400
0.435,-0.954,2.170,122.009,81.665,18.433
0.362,-0.867,2.015,137.268,94.849,23.499
0.310,-0.616,1.783,153.809,116.089,34.363
0.234,-0.420,1.601,166.077,131.897,42.786
0.215,-0.178,1.249,177.795,159.363,48.523
0.187,-0.045,0.885,183.472,183.899,51.208
0.092,0.046,0.635,180.664,201.538,52.856
-0.023,0.218,0.411,173.157,220.764,56.885
-0.083,0.324,0.117,166.321,243.652,58.350
-0.085,0.391,-0.190,158.508,263.184,55.725
-0.115,0.431,-0.528,147.156,273.315,49.438
-0.163,0.399,-0.803,136.475,267.517,37.842
-0.193,0.354,-1.043,128.418,244.080,25.269
-0.187,0.292,-1.210,119.263,203.491,14.526
-0.195,0.216,-1.318,108.337,157.410,6.165
-0.250,0.149,-1.337,92.224,113.098,3.357
-0.286,0.130,-1.306,72.083,75.623,6.958
-0.233,0.086,-1.262,50.903,50.781,11.597
-0.121,0.019,-1.186,29.663,35.095,15.625
-0.016,-0.066,-1.044,8.545,19.958,18.188
0.102,-0.141,-0.863,-10.681,3.113,19.714
0.207,-0.209,-0.666,-26.367,-15.686,17.334
0.291,-0.309,-0.476,-38.208,-35.339,10.010
0.329,-0.383,-0.312,-45.959,-54.321,1.160
0.367,-0.471,-0.187,-50.781,-69.641,-6.409
0.430,-0.514,-0.026,-55.786,-84.717,-12.939
0.492,-0.583,0.125,-58.350,-99.121,-19.348
0.516,-0.662,0.282,-58.960,-109.131,-25.696
0.493,-0.734,0.422,-57.922,-113.220,-29.419
0.458,-0.796,0.507,-54.871,-110.291,-29.602
0.412,-0.781,0.565,-51.941,-101.746,-24.597
0.412,-0.769,0.556,-47.607,-85.999,-18.677
0.451,-0.745,0.511,-45.288,-71.350,-13.062
0.475,-0.729,0.500,-44.922,-62.378,-9.338
0.470,-0.702,0.476,-46.021,-56.152,-6.531
0.484,-0.671,0.443,-46.814,-52.002,-5.188
0.517,-0.670,0.429,-47.302,-53.223,-5.920
0.527,-0.662,0.456,-47.058,-60.181,-7.141
0.514,-0.634,0.498,-47.180,-66.162,-8.179
0.507,-0.631,0.531,-45.532,-67.078,-8.728
0.506,-0.639,0.519,-42.419,-65.979,-8.301
0.520,-0.602,0.532,-42.297,-65.247,-6.104
0.560,-0.525,0.553,-43.701,-62.744,-4.395
0.592,-0.545,0.525,-44.739,-58.655,-7.324
0.592,-0.624,0.594,-47.852,-62.500,-12.390
0.548,-0.623,0.670,-51.880,-66.223,-14.648
0.530,-0.672,0.694,-52.917,-64.270,-16.785
0.515,-0.687,0.693,-52.734,-61.951,-15.747
0.498,-0.729,0.721,-51.208,-59.753,-13.916
0.482,-0.732,0.770,-48.767,-57.434,-9.705
0.488,-0.727,0.786,-44.617,-53.101,-4.517
0.502,-0.716,0.777,-40.466,-44.678,0.732
0.513,-0.666,0.757,-37.415,-33.997,6.592
0.554,-0.603,0.700,-36.133,-21.057,11.108
0.567,-0.569,0.612,-36.255,-8.362,12.451
0.571,-0.516,0.571,-40.100,-2.808,12.512
0.597,-0.515,0.564,-45.837,-4.211,9.155
0.618,-0.518,0.610,-51.331,-11.780,2.869
0.604,-0.550,0.682,-53.955,-23.926,-5.798
0.577,-0.651,0.727,-52.734,-38.147,-16.418
0.500,-0.681,0.870,-50.232,-56.458,-23.743
0.435,-0.731,0.924,-43.091,-65.308,-27.588
0.373,-0.755,0.923,-35.645,-64.636,-26.550
0.345,-0.759,0.909,-29.785,-57.434,-20.447
0.329,-0.745,0.864,-27.161,-47.241,-10.437
0.348,-0.678,0.822,-26.306,-33.813,0.183
0.369,-0.601,0.769,-26.855,-19.348,10.132
0.418,-0.539,0.717,-28.564,-8.667,16.479
0.477,-0.510,0.745,-30.640,-5.432,17.578
0.527,-0.508,0.737,-33.386,-6.165,14.038
0.544,-0.512,0.781,-35.950,-13.977,6.836
0.502,-0.568,0.819,-33.569,-24.902,-3.113
0.463,-0.631,0.858,-30.701,-35.950,-10.498
0.431,-0.655,0.914,-28.931,-45.166,-13.184
0.399,-0.677,0.955,-25.818,-46.997,-12.573
0.365,-0.698,0.960,-21.973,-41.321,-9.277
0.353,-0.693,0.966,-18.250,-31.677,-3.296
0.367,-0.648,0.911,-14.709,-18.555,3.540
0.401,-0.577,0.842,-13.733,-3.845,10.498
0.463,-0.545,0.727,-15.930,10.010,16.174
0.484,-0.474,0.694,-22.522,15.991,19.348
0.459,-0.459,0.678,-25.635,18.250,16.907
0.471,-0.438,0.649,-27.222,15.747,12.268
0.486,-0.471,0.654,-28.259,4.883,4.822
0.461,-0.507,0.748,-27.954,-12.024,-3.113
0.452,-0.503,0.860,-26.062,-26.611,-9.216
0.436,-0.579,0.866,-20.752,-33.630,-16.357
0.389,-0.622,0.951,-16.418,-38.818,-19.470
0.381,-0.610,0.990,-14.587,-39.856,-17.456
0.386,-0.606,0.972,-12.268,-33.508,-13.184
0.384,-0.583,0.945,-11.353,-23.499,-7.935
0.379,-0.558,0.879,-11.902,-12.634,-3.113
0.377,-0.526,0.815,-13.062,-5.310,0.305
0.374,-0.512,0.761,-14.709,-2.625,2.075
0.379,-0.489,0.752,-16.724,-2.563,1.709
0.403,-0.444,0.748,-19.470,-4.700,0.000
0.405,-0.494,0.745,-18.433,-9.338,-5.005
0.380,-0.514,0.817,-19.043,-18.066,-8.911
0.366,-0.534,0.889,-17.639,-25.024,-11.780
0.358,-0.571,0.900,-14.160,-25.879,-12.878
0.341,-0.583,0.904,-11.230,-23.926,-11.841
0.313,-0.580,0.899,-9.888,-20.508,-8.362
0.299,-0.547,0.891,-9.766,-15.198,-3.723
0.307,-0.513,0.857,-9.583,-6.775,0.305
0.343,-0.476,0.809,-9.460,1.648,3.723
0.385,-0.446,0.761,-10.803,7.141,5.310
0.405,-0.426,0.734,-13.733,7.324,3.662

0.513,-0.747,1.421,13.123,-6.653,-6.287
0.522,-0.864,1.518,17.212,-9.460,-12.146
0.455,-1.000,1.733,19.836,-12.695,-17.212
0.400,-1.009,1.909,25.085,-9.521,-14.526
0.398,-1.120,1.971,36.011,2.930,-10.437
0.374,-1.182,2.068,47.974,11.047,-6.409
0.357,-1.111,2.196,57.129,16.174,0.549
0.349,-1.255,2.275,68.420,26.367,5.615
0.337,-1.089,2.452,74.707,35.645,16.907
0.380,-1.297,2.572,84.473,46.753,23.071
0.354,-1.350,2.703,97.839,57.861,30.090
0.304,-1.190,2.564,116.882,82.703,42.419
0.213,-1.054,2.310,142.944,113.281,53.467
0.118,-0.679,2.023,160.461,140.747,71.838
0.106,-0.286,1.556,171.753,177.673,88.745
0.142,0.074,1.097,176.392,213.928,100.830
0.071,0.308,0.723,175.354,246.094,97.534
0.038,0.506,0.225,168.701,269.897,87.036
0.007,0.538,-0.179,162.659,262.024,70.068
-0.022,0.516,-0.382,149.658,241.394,52.429
-0.003,0.512,-0.542,135.864,211.975,35.217
0.024,0.462,-0.635,127.075,176.147,17.700
-0.050,0.342,-0.738,120.483,142.639,0.305
-0.217,0.231,-0.783,113.037,118.347,-9.155
-0.345,0.205,-0.898,105.530,106.628,-9.094
-0.389,0.142,-1.073,95.642,101.196,-1.343
-0.363,0.200,-1.206,78.674,96.558,9.460
-0.326,0.124,-1.335,61.401,90.332,15.808
-0.256,0.141,-1.379,38.391,76.416,22.034
-0.099,0.082,-1.365,14.893,53.711,24.902
0.052,0.010,-1.210,-5.615,22.644,21.729
0.163,-0.044,-0.979,-25.024,-11.719,15.625
0.248,-0.146,-0.747,-42.908,-41.565,5.798
0.358,-0.267,-0.481,-56.946,-72.083,-3.418
0.444,-0.394,-0.169,-64.209,-105.042,-11.230
0.440,-0.504,0.219,-66.040,-130.981,-19.897
0.500,-0.588,0.420,-66.040,-130.676,-31.128
0.538,-0.725,0.557,-61.768,-126.892,-40.344
0.524,-0.819,0.752,-58.289,-127.319,-43.579
0.496,-0.874,0.889,-57.617,-118.835,-41.504
0.460,-0.940,0.973,-55.603,-97.656,-34.058
0.413,-0.960,0.968,-53.467,-68.909,-20.020
0.404,-0.914,0.883,-50.659,-39.856,-4.333
0.463,-0.815,0.748,-47.058,-18.188,9.583
0.553,-0.731,0.623,-42.908,-7.935,17.273
0.602,-0.699,0.556,-39.001,-10.559,17.761
0.615,-0.659,0.520,-36.621,-21.118,13.733
0.635,-0.640,0.511,-34.180,-33.875,8.118
0.652,-0.620,0.541,-31.982,-46.204,2.808
0.645,-0.606,0.542,-32.715,-51.941,-1.831
0.630,-0.586,0.576,-33.264,-52.490,-4.883
0.620,-0.599,0.595,-32.349,-50.720,-6.897
0.610,-0.617,0.618,-33.142,-46.265,-7.812
0.583,-0.651,0.681,-34.119,-42.419,-6.287
0.563,-0.684,0.755,-35.645,-34.180,-3.113
0.569,-0.696,0.775,-36.377,-22.461,0.793
0.573,-0.725,0.766,-35.278,-13.367,4.517
0.549,-0.740,0.794,-33.997,-9.888,7.141
0.553,-0.692,0.786,-34.058,-6.165,9.705
0.579,-0.679,0.707,-32.349,-1.831,9.155
0.594,-0.683,0.663,-29.480,-3.845,6.042
0.554,-0.695,0.676,-26.733,-13.245,2.380
0.511,-0.686,0.697,-24.536,-22.095,0.305
0.514,-0.665,0.673,-22.095,-25.330,0.000
0.533,-0.634,0.669,-20.813,-26.550,0.366
0.533,-0.609,0.669,-21.729,-26.489,0.549
0.521,-0.587,0.648,-23.315,-21.973,0.305
0.513,-0.591,0.633,-26.489,-15.991,-0.183
0.497,-0.613,0.654,-29.968,-13.062,-1.038
0.497,-0.619,0.700,-31.433,-14.832,-1.282
0.500,-0.656,0.739,-29.602,-18.921,-2.625
0.483,-0.698,0.814,-24.841,-25.513,-4.028
0.475,-0.721,0.845,-19.592,-29.968,-4.395
0.466,-0.728,0.851,-14.343,-29.968,-3.113
0.463,-0.713,0.832,-10.071,-25.696,-0.244
0.467,-0.678,0.781,-7.874,-19.287,3.784
0.463,-0.631,0.722,-7.568,-10.498,8.423
0.467,-0.557,0.664,-9.766,-0.427,13.062
0.504,-0.508,0.576,-14.282,9.583,16.113
0.526,-0.501,0.555,-19.653,13.489,15.442
0.525,-0.520,0.594,-23.804,7.629,11.902
0.514,-0.533,0.616,-24.719,-0.305,7.568
0.518,-0.551,0.645,-23.071,-7.202,3.052
0.527,-0.571,0.686,-21.179,-14.587,-0.244
0.504,-0.593,0.720,-18.799,-20.752,-2.441
0.467,-0.617,0.747,-16.724,-24.719,-3.418
0.439,-0.593,0.781,-14.587,-25.330,-1.953
0.449,-0.568,0.763,-12.878,-19.104,1.099
0.470,-0.558,0.752,-13.916,-8.057,4.456
0.476,-0.543,0.722,-16.235,2.441,7.690
0.487,-0.519,0.687,-19.104,9.827,10.254
0.501,-0.513,0.639,-21.729,13.000,9.827
0.495,-0.522,0.641,-22.827,9.460,7.263
0.488,-0.550,0.662,-23.743,1.282,4.272
0.467,-0.569,0.708,-22.949,-7.629,2.686
0.449,-0.569,0.741,-21.423,-13.428,2.625
0.460,-0.552,0.755,-20.325,-14.099,4.089
0.464,-0.517,0.727,-19.592,-10.986,6.226
0.475,-0.484,0.710,-19.958,-6.226,7.812
0.498,-0.450,0.687,-21.545,-2.869,8.850
0.516,-0.449,0.651,-23.254,-1.221,7.141
0.514,-0.461,0.676,-26.123,-2.808,3.723
0.527,-0.465,0.713,-28.015,-5.554,0.061
0.500,-0.504,0.750,-27.588,-9.949,-3.601
0.465,-0.543,0.796,-26.672,-14.221,-5.371
0.450,-0.580,0.837,-24.658,-16.846,-5.249
0.448,-0.580,0.871,-22.034,-18.005,-2.747
0.450,-0.571,0.848,-19.165,-15.808,0.366
0.440,-0.531,0.812,-17.090,-12.146,4.333
0.469,-0.456,0.780,-16.357,-7.324,7.812
0.522,-0.413,0.701,-17.822,-0.793,8.057
0.541,-0.403,0.699,-21.729,2.686,5.737
0.526,-0.440,0.727,-26.062,0.183,1.648
0.504,-0.477,0.774,-27.771,-5.371,-2.441
0.482,-0.515,0.813,-26.428,-12.817,-5.493
0.462,-0.534,0.834,-22.949,-19.592,-7.202
0.439,-0.547,0.841,-18.494,-22.827,-6.897
0.421,-0.543,0.843,-15.564,-22.461,-4.822
0.424,-0.502,0.834,-13.123,-19.409,-2.075

0.432,-0.799,1.552,12.390,-18.127,-13.245
0.438,-0.860,1.612,20.752,-20.569,-14.771
0.482,-0.836,1.669,27.954,-20.874,-15.930
0.513,-0.878,1.712,33.447,-23.865,-18.311
0.476,-0.959,1.772,40.710,-26.855,-22.400
0.440,-0.980,1.929,45.654,-27.344,-18.433
0.431,-1.007,2.045,53.101,-16.174,-9.827
0.403,-1.071,2.196,61.340,0.244,-0.854
0.411,-1.022,2.403,68.115,19.104,10.681
0.504,-1.023,2.574,75.806,45.105,20.264
0.624,-1.286,2.668,84.778,61.157,22.644
0.526,-1.403,2.961,89.783,65.796,29.297
0.331,-1.464,3.154,108.093,89.050,42.175
0.165,-1.270,2.995,139.587,141.235,64.636
0.128,-0.794,2.385,179.138,207.886,94.116
0.173,-0.231,1.641,208.679,261.780,113.770
0.218,0.272,0.816,220.825,292.786,115.356
0.112,0.639,0.125,218.811,298.523,98.083
-0.071,0.951,-0.504,205.933,284.912,74.829
-0.161,0.888,-0.962,192.749,260.376,45.532
-0.196,0.827,-1.243,171.143,223.755,20.996
-0.243,0.775,-1.252,144.592,170.593,3.662
-0.322,0.626,-1.201,122.253,129.517,-7.568
-0.380,0.573,-1.028,102.478,107.239,-10.132
-0.403,0.379,-1.027,90.942,103.943,-8.240
-0.400,0.330,-1.127,77.820,106.201,0.427
-0.411,0.198,-1.216,61.096,105.774,10.498
-0.359,0.113,-1.217,41.260,96.558,20.630
-0.228,0.058,-1.179,22.827,75.867,28.381
-0.027,-0.012,-1.067,6.958,45.715,28.625
0.141,-0.115,-0.829,-8.179,7.019,22.705
0.369,-0.214,-0.503,-21.973,-36.743,12.573
0.523,-0.436,-0.152,-30.701,-77.515,-2.686
0.569,-0.557,0.250,-36.865,-108.948,-13.855
0.580,-0.720,0.520,-37.476,-113.342,-22.644
0.610,-0.841,0.606,-33.386,-98.206,-24.231
0.607,-0.927,0.655,-27.222,-83.923,-20.508
0.626,-0.924,0.713,-23.682,-69.092,-11.719
0.660,-0.903,0.675,-19.470,-47.974,-3.113
0.668,-0.867,0.575,-15.259,-27.588,2.625
0.657,-0.806,0.478,-13.123,-14.099,6.348
0.641,-0.760,0.374,-11.169,-7.141,8.484
0.630,-0.714,0.304,-9.277,-8.850,8.606
0.629,-0.678,0.280,-8.179,-16.541,7.446
0.625,-0.620,0.251,-6.714,-26.367,5.615
0.624,-0.602,0.216,-5.005,-36.926,1.831
0.613,-0.562,0.239,-5.493,-48.096,-1.526
0.595,-0.521,0.264,-7.141,-54.626,-3.418
0.587,-0.534,0.277,-11.292,-52.917,-4.272
0.546,-0.545,0.358,-18.127,-43.640,-1.892
0.548,-0.566,0.449,-24.231,-29.602,4.150
0.597,-0.575,0.485,-27.954,-13.855,10.925
0.641,-0.581,0.466,-28.748,-2.869,14.404
0.643,-0.593,0.466,-27.344,-0.610,13.672
0.646,-0.608,0.434,-24.841,-3.296,10.315
0.649,-0.616,0.389,-24.353,-11.353,6.531
0.653,-0.610,0.409,-24.841,-26.184,3.113
0.670,-0.608,0.439,-25.452,-39.551,-1.038
0.658,-0.607,0.459,-25.574,-47.180,-4.517
0.624,-0.619,0.517,-26.428,-48.889,-5.615
0.586,-0.624,0.563,-27.649,-42.480,-4.028
0.572,-0.625,0.575,-29.541,-28.687,0.122
0.582,-0.625,0.582,-30.518,-12.329,5.798
0.607,-0.600,0.538,-31.555,1.709,9.399
0.639,-0.624,0.465,-31.067,6.409,8.545
0.641,-0.663,0.505,-29.236,-7.507,4.517
0.628,-0.667,0.569,-27.771,-26.367,-0.427
0.617,-0.731,0.606,-23.926,-39.551,-5.615
0.569,-0.738,0.629,-20.874,-46.204,-8.545
0.533,-0.732,0.649,-19.592,-46.387,-6.653
0.526,-0.685,0.669,-18.677,-39.856,-1.953
0.557,-0.621,0.625,-19.287,-24.475,4.761
0.575,-0.571,0.556,-19.775,-5.981,10.010
0.583,-0.519,0.482,-21.667,11.414,13.855
0.592,-0.502,0.413,-25.452,21.057,14.893
0.617,-0.505,0.409,-28.748,15.015,12.939
0.647,-0.515,0.451,-31.738,-0.977,7.446
0.648,-0.554,0.503,-32.166,-20.142,-0.549
0.607,-0.615,0.597,-30.579,-40.100,-8.606
0.562,-0.647,0.666,-28.381,-53.345,-13.855
0.532,-0.684,0.705,-24.841,-58.838,-15.137
0.502,-0.681,0.747,-22.278,-58.899,-10.986
0.481,-0.662,0.755,-21.423,-48.523,-4.517
0.474,-0.631,0.719,-21.179,-30.273,3.662
0.506,-0.549,0.669,-22.522,-10.986,13.977
0.578,-0.462,0.592,-26.245,9.277,21.790
0.617,-0.430,0.469,-28.564,25.879,22.705
0.613,-0.436,0.428,-30.029,26.306,18.494
0.592,-0.435,0.431,-31.860,10.864,12.024
0.587,-0.472,0.434,-31.860,-8.606,2.686
0.575,-0.492,0.481,-30.396,-32.471,-5.554
0.551,-0.528,0.574,-28.992,-55.176,-13.245
0.524,-0.537,0.677,-26.794,-68.420,-17.456
0.534,-0.539,0.751,-25.696,-70.129,-17.639
0.544,-0.556,0.792,-26.062,-60.303,-15.076
0.516,-0.553,0.834,-28.564,-43.945,-8.606
0.493,-0.543,0.803,-31.006,-22.339,-0.854
0.486,-0.543,0.747,-31.555,-1.160,6.775
0.495,-0.495,0.670,-32.959,11.658,13.062
0.536,-0.465,0.567,-34.668,16.418,14.893
0.533,-0.474,0.548,-35.156,7.874,11.292
0.545,-0.446,0.619,-36.987,-8.362,6.104
0.581,-0.475,0.671,-35.767,-23.743,-0.977
0.609,-0.490,0.703,-32.349,-36.926,-8.911
0.593,-0.526,0.787,-29.297,-52.185,-17.334
0.614,-0.521,0.854,-28.015,-61.340,-23.621
0.596,-0.578,0.860,-27.466,-59.021,-28.137
0.525,-0.616,0.903,-28.503,-52.734,-27.649
0.477,-0.634,0.937,-31.189,-40.527,-21.606
0.453,-0.643,0.921,-31.006,-25.146,-12.695
0.455,-0.606,0.864,-30.334,-9.949,-3.357
0.446,-0.588,0.808,-28.442,1.221,3.906
0.429,-0.558,0.762,-25.269,8.118,9.521
0.452,-0.506,0.731,-22.217,10.437,13.550
0.492,-0.456,0.663,-19.409,10.498,14.343
0.552,-0.385,0.661,-18.311,6.287,11.963
0.598,-0.368,0.623,-18.921,-1.709,4.700
0.593,-0.384,0.625,-20.447,-13.428,-4.944
0.566,-0.399,0.699,-24.597,-27.344,-13.428

0.480,-0.824,1.328,-0.854,-17.151,-11.292
0.478,-0.873,1.385,3.723,-18.127,-12.817
0.499,-0.882,1.470,7.629,-19.653,-13.184
0.537,-0.907,1.574,11.047,-17.883,-13.794
0.576,-0.982,1.638,15.503,-14.099,-15.198
0.578,-1.001,1.805,19.653,-13.306,-15.381
0.622,-1.118,1.941,25.879,-7.812,-16.907
0.593,-1.335,2.202,30.396,-7.629,-15.869
0.562,-1.424,2.505,36.743,-3.784,-10.132
0.576,-1.372,2.700,49.194,14.099,-2.869
0.592,-1.591,2.735,69.885,36.316,1.648
0.544,-1.631,2.830,90.454,53.406,13.733
0.543,-1.418,2.632,121.948,77.759,28.442
0.468,-1.165,2.282,156.616,100.586,38.879
0.443,-0.701,1.909,176.331,113.342,49.377
0.482,-0.432,1.564,188.538,121.582,52.490
0.442,-0.188,1.286,196.045,127.258,52.490
0.371,0.110,0.930,195.679,140.503,51.758
0.241,0.303,0.598,194.763,153.748,45.227
0.092,0.509,0.269,192.078,167.175,37.659
-0.038,0.644,-0.117,187.134,182.068,28.381
-0.092,0.658,-0.398,180.725,186.340,15.930
-0.152,0.598,-0.693,173.584,174.072,4.700
-0.292,0.540,-0.853,160.217,153.259,-0.488
-0.397,0.457,-0.962,141.602,142.151,1.892
-0.444,0.422,-1.087,119.446,143.921,12.756
-0.370,0.427,-1.298,96.375,151.550,26.245
-0.318,0.335,-1.377,80.261,142.273,33.325
-0.236,0.270,-1.405,62.683,117.554,37.903
-0.099,0.219,-1.317,40.833,85.449,38.025
0.071,0.111,-1.196,21.973,50.903,30.762
0.250,-0.003,-1.036,0.854,14.771,19.287
0.380,-0.153,-0.767,-17.517,-22.156,4.333
0.456,-0.357,-0.435,-33.630,-58.350,-10.925
0.459,-0.537,-0.070,-44.495,-87.036,-23.071
0.444,-0.712,0.262,-46.509,-100.830,-30.273
0.433,-0.863,0.516,-41.992,-96.802,-32.471
0.429,-0.963,0.614,-35.767,-79.590,-28.870
0.424,-0.997,0.684,-28.809,-63.477,-19.714
0.460,-0.961,0.683,-23.315,-47.974,-8.667
0.523,-0.910,0.607,-19.897,-31.311,-1.343
0.596,-0.865,0.543,-19.165,-19.836,2.441
0.621,-0.879,0.489,-19.958,-15.991,1.648
0.615,-0.856,0.455,-21.301,-19.714,-0.122
0.634,-0.819,0.441,-22.461,-27.954,-2.014
0.631,-0.830,0.436,-20.508,-36.499,-5.249
0.584,-0.826,0.447,-16.296,-44.861,-8.057
0.534,-0.801,0.458,-12.207,-48.279,-7.629
0.515,-0.755,0.428,-9.399,-44.922,-4.517
0.529,-0.718,0.420,-9.155,-36.926,0.732
0.541,-0.673,0.429,-12.329,-24.109,7.935
0.538,-0.667,0.407,-16.113,-7.446,14.038
0.558,-0.608,0.349,-19.653,5.920,19.409
0.614,-0.598,0.279,-21.118,11.536,20.325
0.637,-0.595,0.244,-22.583,4.944,16.602
0.624,-0.595,0.285,-24.414,-8.362,11.230
0.643,-0.607,0.333,-25.696,-19.958,4.944
0.655,-0.634,0.336,-26.001,-29.358,-2.258
0.620,-0.720,0.410,-25.330,-43.091,-9.155
0.565,-0.727,0.520,-25.574,-54.382,-12.207
0.541,-0.773,0.567,-24.841,-52.246,-11.353
0.517,-0.785,0.570,-23.132,-41.870,-7.874
0.480,-0.785,0.571,-24.292,-27.710,-0.977
0.453,-0.773,0.563,-24.902,-10.620,8.423
0.461,-0.710,0.494,-25.330,5.310,18.799
0.511,-0.666,0.416,-24.658,16.663,24.231
0.568,-0.627,0.378,-24.414,17.822,23.987
0.627,-0.625,0.365,-24.719,9.460,18.372
0.664,-0.622,0.405,-25.696,-5.188,9.949
0.681,-0.660,0.461,-26.184,-20.386,-0.244
0.639,-0.707,0.483,-26.855,-32.593,-10.193
0.557,-0.770,0.566,-28.015,-42.542,-15.869
0.492,-0.820,0.664,-28.259,-44.922,-14.404
0.453,-0.849,0.701,-26.062,-36.743,-7.874
0.430,-0.864,0.718,-22.522,-22.644,2.075
0.433,-0.789,0.691,-20.569,-3.906,15.747
0.444,-0.747,0.580,-17.944,17.700,27.832
0.467,-0.673,0.555,-17.517,33.936,39.246
0.544,-0.557,0.465,-20.874,50.171,48.096
0.611,-0.548,0.345,-22.888,62.683,47.852
0.654,-0.530,0.327,-25.452,56.030,42.847
0.684,-0.558,0.354,-26.306,36.499,32.959
0.701,-0.589,0.385,-26.184,14.282,20.752
0.672,-0.624,0.434,-26.123,-6.042,10.376
0.627,-0.682,0.549,-26.062,-22.156,3.174
0.605,-0.704,0.638,-26.306,-28.625,0.854
0.604,-0.730,0.667,-24.414,-26.550,1.221
0.595,-0.750,0.675,-21.729,-22.156,3.296
0.590,-0.760,0.655,-19.775,-16.602,6.714
0.589,-0.714,0.648,-19.531,-11.780,12.268
0.616,-0.681,0.604,-18.799,-4.700,15.686
0.649,-0.648,0.541,-18.494,1.343,16.663
0.675,-0.624,0.524,-18.860,3.540,14.954
0.687,-0.640,0.541,-19.165,-0.061,11.536
0.689,-0.644,0.599,-19.287,-7.324,8.240
0.677,-0.636,0.608,-18.616,-10.864,4.028
0.667,-0.660,0.593,-17.029,-13.428,-0.305
0.630,-0.666,0.603,-15.198,-20.142,-2.441
0.608,-0.663,0.641,-15.015,-25.208,-2.686
0.587,-0.661,0.673,-13.977,-24.170,-2.197
0.584,-0.663,0.662,-13.428,-16.846,-0.305
0.578,-0.649,0.658,-12.024,-10.742,2.869
0.591,-0.630,0.632,-11.292,-5.798,5.676
0.609,-0.641,0.613,-10.925,-3.418,6.958
0.611,-0.639,0.647,-10.620,-4.822,7.568
0.629,-0.620,0.638,-9.827,-5.127,7.324
0.618,-0.610,0.591,-8.789,-5.249,6.409
0.589,-0.586,0.572,-8.789,-6.409,5.676
0.582,-0.551,0.562,-10.742,-6.409,5.127
0.569,-0.559,0.574,-12.024,-6.287,2.747
0.545,-0.572,0.502,-9.399,-2.441,2.197
0.555,-0.579,0.518,-12.146,-3.113,1.892
0.547,-0.563,0.558,-14.465,-6.836,1.648
0.573,-0.591,0.548,-15.198,-9.155,0.305
0.582,-0.599,0.607,-15.564,-14.343,-1.099
0.589,-0.599,0.654,-15.503,-18.311,-1.831
0.600,-0.591,0.669,-14.221,-18.127,-2.258
0.618,-0.606,0.659,-12.329,-16.235,-2.502
0.623,-0.600,0.661,-12.634,-17.212,-2.930